time,size,protocol,src_IP,dst_IP,src_port,dst_port,flags,attack_type
0.000000,44,,,,,,,unknown
0.000014,44,,,,,,,unknown
0.000536,76,TCP,10.0.0.2,10.0.0.1,,,,normal
0.000543,76,TCP,10.0.0.1,10.0.0.2,,,,normal
0.000946,68,TCP,10.0.0.2,10.0.0.1,,,,normal
0.001198,92,TCP,10.0.0.2,10.0.0.1,,,,normal
0.001201,68,TCP,10.0.0.1,10.0.0.2,,,,normal
0.001217,7308,TCP,10.0.0.2,10.0.0.1,,,,normal
0.001219,68,TCP,10.0.0.1,10.0.0.2,,,,normal
0.001224,5860,TCP,10.0.0.2,10.0.0.1,,,,normal
0.001226,68,TCP,10.0.0.1,10.0.0.2,,,,normal
0.001302,2964,TCP,10.0.0.2,10.0.0.1,,,,normal
0.001304,68,TCP,10.0.0.1,10.0.0.2,,,,normal
0.001309,11652,TCP,10.0.0.2,10.0.0.1,,,,normal
0.001312,68,TCP,10.0.0.1,10.0.0.2,,,,normal
0.001309,14548,TCP,10.0.0.2,10.0.0.1,,,,normal
0.001314,68,TCP,10.0.0.1,10.0.0.2,,,,normal
0.001310,5860,TCP,10.0.0.2,10.0.0.1,,,,normal
0.001316,68,TCP,10.0.0.1,10.0.0.2,,,,normal
0.001324,8756,TCP,10.0.0.2,10.0.0.1,,,,normal
0.001327,68,TCP,10.0.0.1,10.0.0.2,,,,normal
0.001325,14548,TCP,10.0.0.2,10.0.0.1,,,,normal
0.001329,68,TCP,10.0.0.1,10.0.0.2,,,,normal
0.001325,14548,TCP,10.0.0.2,10.0.0.1,,,,normal
0.001332,68,TCP,10.0.0.1,10.0.0.2,,,,normal
0.001414,43508,TCP,10.0.0.2,10.0.0.1,,,,normal
0.001418,68,TCP,10.0.0.1,10.0.0.2,,,,normal
0.001422,2268,TCP,10.0.0.2,10.0.0.1,,,,normal
0.001423,68,TCP,10.0.0.1,10.0.0.2,,,,normal
0.001434,65228,TCP,10.0.0.2,10.0.0.1,,,,normal
0.001446,37308,TCP,10.0.0.2,10.0.0.1,,,,normal
0.001467,68,TCP,10.0.0.1,10.0.0.2,,,,normal
0.001472,51268,TCP,10.0.0.2,10.0.0.1,,,,normal
0.001693,68,TCP,10.0.0.1,10.0.0.2,,,,normal
0.001713,14028,TCP,10.0.0.2,10.0.0.1,,,,normal
0.001714,65228,TCP,10.0.0.2,10.0.0.1,,,,normal
0.001732,68,TCP,10.0.0.1,10.0.0.2,,,,normal
0.001749,29492,TCP,10.0.0.2,10.0.0.1,,,,normal
0.001760,58196,TCP,10.0.0.2,10.0.0.1,,,,normal
0.001810,68,TCP,10.0.0.1,10.0.0.2,,,,normal
0.001815,65228,TCP,10.0.0.2,10.0.0.1,,,,normal
0.001816,46404,TCP,10.0.0.2,10.0.0.1,,,,normal
0.001828,68,TCP,10.0.0.1,10.0.0.2,,,,normal
0.001833,18892,TCP,10.0.0.2,10.0.0.1,,,,normal
0.001834,40244,TCP,10.0.0.2,10.0.0.1,,,,normal
0.001971,68,TCP,10.0.0.1,10.0.0.2,,,,normal
0.001979,25052,TCP,10.0.0.2,10.0.0.1,,,,normal
0.001979,59436,TCP,10.0.0.2,10.0.0.1,,,,normal
0.001995,68,TCP,10.0.0.1,10.0.0.2,,,,normal
0.002000,5860,TCP,10.0.0.2,10.0.0.1,,,,normal
0.002001,65228,TCP,10.0.0.2,10.0.0.1,,,,normal
0.002001,38172,TCP,10.0.0.2,10.0.0.1,,,,normal
0.002182,68,TCP,10.0.0.1,10.0.0.2,,,,normal
0.002189,27124,TCP,10.0.0.2,10.0.0.1,,,,normal
0.002189,65228,TCP,10.0.0.2,10.0.0.1,,,,normal
0.002190,27580,TCP,10.0.0.2,10.0.0.1,,,,normal
0.002207,68,TCP,10.0.0.1,10.0.0.2,,,,normal
0.002212,37716,TCP,10.0.0.2,10.0.0.1,,,,normal
0.002212,65228,TCP,10.0.0.2,10.0.0.1,,,,normal
0.002213,22188,TCP,10.0.0.2,10.0.0.1,,,,normal
0.002447,68,TCP,10.0.0.1,10.0.0.2,,,,normal
0.002454,65228,TCP,10.0.0.2,10.0.0.1,,,,normal
0.002455,62908,TCP,10.0.0.2,10.0.0.1,,,,normal
0.002473,68,TCP,10.0.0.1,10.0.0.2,,,,normal
0.002479,2388,TCP,10.0.0.2,10.0.0.1,,,,normal
0.002479,65228,TCP,10.0.0.2,10.0.0.1,,,,normal
0.002480,65228,TCP,10.0.0.2,10.0.0.1,,,,normal
0.002480,7308,TCP,10.0.0.2,10.0.0.1,,,,normal
0.002657,68,TCP,10.0.0.1,10.0.0.2,,,,normal
0.002666,57988,TCP,10.0.0.2,10.0.0.1,,,,normal
0.002667,65228,TCP,10.0.0.2,10.0.0.1,,,,normal
0.002667,12156,TCP,10.0.0.2,10.0.0.1,,,,normal
0.002963,68,TCP,10.0.0.1,10.0.0.2,,,,normal
0.002972,53140,TCP,10.0.0.2,10.0.0.1,,,,normal
0.002972,65228,TCP,10.0.0.2,10.0.0.1,,,,normal
0.002973,13100,TCP,10.0.0.2,10.0.0.1,,,,normal
0.002991,68,TCP,10.0.0.1,10.0.0.2,,,,normal
0.002996,52196,TCP,10.0.0.2,10.0.0.1,,,,normal
0.002996,65228,TCP,10.0.0.2,10.0.0.1,,,,normal
0.002996,14876,TCP,10.0.0.2,10.0.0.1,,,,normal
0.003181,68,TCP,10.0.0.1,10.0.0.2,,,,normal
0.003191,50420,TCP,10.0.0.2,10.0.0.1,,,,normal
0.003191,65228,TCP,10.0.0.2,10.0.0.1,,,,normal
0.003192,15996,TCP,10.0.0.2,10.0.0.1,,,,normal
0.003261,68,TCP,10.0.0.1,10.0.0.2,,,,normal
0.003266,49300,TCP,10.0.0.2,10.0.0.1,,,,normal
0.003267,65228,TCP,10.0.0.2,10.0.0.1,,,,normal
0.003267,16748,TCP,10.0.0.2,10.0.0.1,,,,normal
0.003445,68,TCP,10.0.0.1,10.0.0.2,,,,normal
0.003453,48548,TCP,10.0.0.2,10.0.0.1,,,,normal
0.003453,65228,TCP,10.0.0.2,10.0.0.1,,,,normal
0.003454,15996,TCP,10.0.0.2,10.0.0.1,,,,normal
0.003469,68,TCP,10.0.0.1,10.0.0.2,,,,normal
0.003475,49300,TCP,10.0.0.2,10.0.0.1,,,,normal
0.003475,65228,TCP,10.0.0.2,10.0.0.1,,,,normal
0.003476,16748,TCP,10.0.0.2,10.0.0.1,,,,normal
0.003650,68,TCP,10.0.0.1,10.0.0.2,,,,normal
0.003670,48548,TCP,10.0.0.2,10.0.0.1,,,,normal
0.003671,65228,TCP,10.0.0.2,10.0.0.1,,,,normal
0.003671,15996,TCP,10.0.0.2,10.0.0.1,,,,normal
0.003687,68,TCP,10.0.0.1,10.0.0.2,,,,normal
0.003692,49300,TCP,10.0.0.2,10.0.0.1,,,,normal
0.003693,65228,TCP,10.0.0.2,10.0.0.1,,,,normal
0.003693,16748,TCP,10.0.0.2,10.0.0.1,,,,normal
0.003810,68,TCP,10.0.0.1,10.0.0.2,,,,normal
0.003817,48548,TCP,10.0.0.2,10.0.0.1,,,,normal
0.003817,65228,TCP,10.0.0.2,10.0.0.1,,,,normal
0.003818,15996,TCP,10.0.0.2,10.0.0.1,,,,normal
0.003854,68,TCP,10.0.0.1,10.0.0.2,,,,normal
0.003858,49300,TCP,10.0.0.2,10.0.0.1,,,,normal
0.003858,65228,TCP,10.0.0.2,10.0.0.1,,,,normal
0.003859,16748,TCP,10.0.0.2,10.0.0.1,,,,normal
0.003972,68,TCP,10.0.0.1,10.0.0.2,,,,normal
0.003978,48548,TCP,10.0.0.2,10.0.0.1,,,,normal
0.003978,65228,TCP,10.0.0.2,10.0.0.1,,,,normal
0.003979,15996,TCP,10.0.0.2,10.0.0.1,,,,normal
0.003993,68,TCP,10.0.0.1,10.0.0.2,,,,normal
0.003998,49300,TCP,10.0.0.2,10.0.0.1,,,,normal
0.003998,65228,TCP,10.0.0.2,10.0.0.1,,,,normal
0.003999,16748,TCP,10.0.0.2,10.0.0.1,,,,normal
0.004147,68,TCP,10.0.0.1,10.0.0.2,,,,normal
0.004152,48548,TCP,10.0.0.2,10.0.0.1,,,,normal
0.004153,65228,TCP,10.0.0.2,10.0.0.1,,,,normal
0.004153,15996,TCP,10.0.0.2,10.0.0.1,,,,normal
0.004167,68,TCP,10.0.0.1,10.0.0.2,,,,normal
0.004171,49300,TCP,10.0.0.2,10.0.0.1,,,,normal
0.004171,65228,TCP,10.0.0.2,10.0.0.1,,,,normal
0.004172,16748,TCP,10.0.0.2,10.0.0.1,,,,normal
0.004282,68,TCP,10.0.0.1,10.0.0.2,,,,normal
0.004289,48548,TCP,10.0.0.2,10.0.0.1,,,,normal
0.004289,65228,TCP,10.0.0.2,10.0.0.1,,,,normal
0.004290,15996,TCP,10.0.0.2,10.0.0.1,,,,normal
0.004326,68,TCP,10.0.0.1,10.0.0.2,,,,normal
0.004332,49300,TCP,10.0.0.2,10.0.0.1,,,,normal
0.004332,65228,TCP,10.0.0.2,10.0.0.1,,,,normal
0.004332,16748,TCP,10.0.0.2,10.0.0.1,,,,normal
0.004442,68,TCP,10.0.0.1,10.0.0.2,,,,normal
0.004447,48548,TCP,10.0.0.2,10.0.0.1,,,,normal
0.004448,65228,TCP,10.0.0.2,10.0.0.1,,,,normal
0.004448,15996,TCP,10.0.0.2,10.0.0.1,,,,normal
0.004461,68,TCP,10.0.0.1,10.0.0.2,,,,normal
0.004466,49300,TCP,10.0.0.2,10.0.0.1,,,,normal
0.004466,65228,TCP,10.0.0.2,10.0.0.1,,,,normal
0.004467,16748,TCP,10.0.0.2,10.0.0.1,,,,normal
0.004608,68,TCP,10.0.0.1,10.0.0.2,,,,normal
0.004614,48548,TCP,10.0.0.2,10.0.0.1,,,,normal
0.004615,65228,TCP,10.0.0.2,10.0.0.1,,,,normal
0.004615,15996,TCP,10.0.0.2,10.0.0.1,,,,normal
0.004642,68,TCP,10.0.0.1,10.0.0.2,,,,normal
0.004650,49300,TCP,10.0.0.2,10.0.0.1,,,,normal
0.004650,65228,TCP,10.0.0.2,10.0.0.1,,,,normal
0.004651,16748,TCP,10.0.0.2,10.0.0.1,,,,normal
0.004773,68,TCP,10.0.0.1,10.0.0.2,,,,normal
0.004780,48548,TCP,10.0.0.2,10.0.0.1,,,,normal
0.004780,65228,TCP,10.0.0.2,10.0.0.1,,,,normal
0.004781,15996,TCP,10.0.0.2,10.0.0.1,,,,normal
0.004817,68,TCP,10.0.0.1,10.0.0.2,,,,normal
0.004822,49300,TCP,10.0.0.2,10.0.0.1,,,,normal
0.004823,65228,TCP,10.0.0.2,10.0.0.1,,,,normal
0.004823,16748,TCP,10.0.0.2,10.0.0.1,,,,normal
0.004960,68,TCP,10.0.0.1,10.0.0.2,,,,normal
0.004966,48548,TCP,10.0.0.2,10.0.0.1,,,,normal
0.004966,65228,TCP,10.0.0.2,10.0.0.1,,,,normal
0.004967,15996,TCP,10.0.0.2,10.0.0.1,,,,normal
0.004980,68,TCP,10.0.0.1,10.0.0.2,,,,normal
0.004985,49300,TCP,10.0.0.2,10.0.0.1,,,,normal
0.004985,65228,TCP,10.0.0.2,10.0.0.1,,,,normal
0.004985,16748,TCP,10.0.0.2,10.0.0.1,,,,normal
0.005116,68,TCP,10.0.0.1,10.0.0.2,,,,normal
0.005122,48548,TCP,10.0.0.2,10.0.0.1,,,,normal
0.005123,65228,TCP,10.0.0.2,10.0.0.1,,,,normal
0.005123,15996,TCP,10.0.0.2,10.0.0.1,,,,normal
0.005136,68,TCP,10.0.0.1,10.0.0.2,,,,normal
0.005141,49300,TCP,10.0.0.2,10.0.0.1,,,,normal
0.005141,65228,TCP,10.0.0.2,10.0.0.1,,,,normal
0.005142,16748,TCP,10.0.0.2,10.0.0.1,,,,normal
0.005251,68,TCP,10.0.0.1,10.0.0.2,,,,normal
0.005258,48548,TCP,10.0.0.2,10.0.0.1,,,,normal
0.005259,65228,TCP,10.0.0.2,10.0.0.1,,,,normal
0.005259,15996,TCP,10.0.0.2,10.0.0.1,,,,normal
0.005294,68,TCP,10.0.0.1,10.0.0.2,,,,normal
0.005299,49300,TCP,10.0.0.2,10.0.0.1,,,,normal
0.005300,65228,TCP,10.0.0.2,10.0.0.1,,,,normal
0.005300,16748,TCP,10.0.0.2,10.0.0.1,,,,normal
0.005409,68,TCP,10.0.0.1,10.0.0.2,,,,normal
0.005415,48548,TCP,10.0.0.2,10.0.0.1,,,,normal
0.005416,65228,TCP,10.0.0.2,10.0.0.1,,,,normal
0.005416,15996,TCP,10.0.0.2,10.0.0.1,,,,normal
0.005429,68,TCP,10.0.0.1,10.0.0.2,,,,normal
0.005434,49300,TCP,10.0.0.2,10.0.0.1,,,,normal
0.005435,65228,TCP,10.0.0.2,10.0.0.1,,,,normal
0.005435,16748,TCP,10.0.0.2,10.0.0.1,,,,normal
0.005581,68,TCP,10.0.0.1,10.0.0.2,,,,normal
0.005587,48548,TCP,10.0.0.2,10.0.0.1,,,,normal
0.005587,65228,TCP,10.0.0.2,10.0.0.1,,,,normal
0.005588,15996,TCP,10.0.0.2,10.0.0.1,,,,normal
0.005601,68,TCP,10.0.0.1,10.0.0.2,,,,normal
0.005605,49300,TCP,10.0.0.2,10.0.0.1,,,,normal
0.005605,65228,TCP,10.0.0.2,10.0.0.1,,,,normal
0.005606,16748,TCP,10.0.0.2,10.0.0.1,,,,normal
0.005764,68,TCP,10.0.0.1,10.0.0.2,,,,normal
0.005773,48548,TCP,10.0.0.2,10.0.0.1,,,,normal
0.005774,65228,TCP,10.0.0.2,10.0.0.1,,,,normal
0.005774,15996,TCP,10.0.0.2,10.0.0.1,,,,normal
0.005813,68,TCP,10.0.0.1,10.0.0.2,,,,normal
0.005818,49300,TCP,10.0.0.2,10.0.0.1,,,,normal
0.005818,65228,TCP,10.0.0.2,10.0.0.1,,,,normal
0.005819,16748,TCP,10.0.0.2,10.0.0.1,,,,normal
0.005930,68,TCP,10.0.0.1,10.0.0.2,,,,normal
0.005937,48548,TCP,10.0.0.2,10.0.0.1,,,,normal
0.005937,65228,TCP,10.0.0.2,10.0.0.1,,,,normal
0.005938,15996,TCP,10.0.0.2,10.0.0.1,,,,normal
0.005951,68,TCP,10.0.0.1,10.0.0.2,,,,normal
0.005956,49300,TCP,10.0.0.2,10.0.0.1,,,,normal
0.005957,65228,TCP,10.0.0.2,10.0.0.1,,,,normal
0.005957,16748,TCP,10.0.0.2,10.0.0.1,,,,normal
0.006090,68,TCP,10.0.0.1,10.0.0.2,,,,normal
0.006096,48548,TCP,10.0.0.2,10.0.0.1,,,,normal
0.006096,65228,TCP,10.0.0.2,10.0.0.1,,,,normal
0.006097,15996,TCP,10.0.0.2,10.0.0.1,,,,normal
0.006110,68,TCP,10.0.0.1,10.0.0.2,,,,normal
0.006114,49300,TCP,10.0.0.2,10.0.0.1,,,,normal
0.006115,65228,TCP,10.0.0.2,10.0.0.1,,,,normal
0.006115,16748,TCP,10.0.0.2,10.0.0.1,,,,normal
0.006224,68,TCP,10.0.0.1,10.0.0.2,,,,normal
0.006231,48548,TCP,10.0.0.2,10.0.0.1,,,,normal
0.006232,65228,TCP,10.0.0.2,10.0.0.1,,,,normal
0.006232,15996,TCP,10.0.0.2,10.0.0.1,,,,normal
0.006269,68,TCP,10.0.0.1,10.0.0.2,,,,normal
0.006274,49300,TCP,10.0.0.2,10.0.0.1,,,,normal
0.006275,65228,TCP,10.0.0.2,10.0.0.1,,,,normal
0.006275,16748,TCP,10.0.0.2,10.0.0.1,,,,normal
0.006389,68,TCP,10.0.0.1,10.0.0.2,,,,normal
0.006395,48548,TCP,10.0.0.2,10.0.0.1,,,,normal
0.006396,65228,TCP,10.0.0.2,10.0.0.1,,,,normal
0.006396,15996,TCP,10.0.0.2,10.0.0.1,,,,normal
0.006409,68,TCP,10.0.0.1,10.0.0.2,,,,normal
0.006414,49300,TCP,10.0.0.2,10.0.0.1,,,,normal
0.006415,65228,TCP,10.0.0.2,10.0.0.1,,,,normal
0.006415,16748,TCP,10.0.0.2,10.0.0.1,,,,normal
0.006605,68,TCP,10.0.0.1,10.0.0.2,,,,normal
0.006613,48548,TCP,10.0.0.2,10.0.0.1,,,,normal
0.006614,65228,TCP,10.0.0.2,10.0.0.1,,,,normal
0.006614,15996,TCP,10.0.0.2,10.0.0.1,,,,normal
0.006629,68,TCP,10.0.0.1,10.0.0.2,,,,normal
0.006634,49300,TCP,10.0.0.2,10.0.0.1,,,,normal
0.006634,65228,TCP,10.0.0.2,10.0.0.1,,,,normal
0.006635,16748,TCP,10.0.0.2,10.0.0.1,,,,normal
0.006753,68,TCP,10.0.0.1,10.0.0.2,,,,normal
0.006761,48548,TCP,10.0.0.2,10.0.0.1,,,,normal
0.006761,65228,TCP,10.0.0.2,10.0.0.1,,,,normal
0.006762,15996,TCP,10.0.0.2,10.0.0.1,,,,normal
0.006799,68,TCP,10.0.0.1,10.0.0.2,,,,normal
0.006804,49300,TCP,10.0.0.2,10.0.0.1,,,,normal
0.006804,65228,TCP,10.0.0.2,10.0.0.1,,,,normal
0.006805,16748,TCP,10.0.0.2,10.0.0.1,,,,normal
0.006820,68,TCP,10.0.0.1,10.0.0.2,,,,normal
0.006825,48548,TCP,10.0.0.2,10.0.0.1,,,,normal
0.006826,65228,TCP,10.0.0.2,10.0.0.1,,,,normal
0.006826,15996,TCP,10.0.0.2,10.0.0.1,,,,normal
0.006839,68,TCP,10.0.0.1,10.0.0.2,,,,normal
0.006845,49300,TCP,10.0.0.2,10.0.0.1,,,,normal
0.006845,65228,TCP,10.0.0.2,10.0.0.1,,,,normal
0.006846,16748,TCP,10.0.0.2,10.0.0.1,,,,normal
0.007077,68,TCP,10.0.0.1,10.0.0.2,,,,normal
0.007084,48548,TCP,10.0.0.2,10.0.0.1,,,,normal
0.007084,65228,TCP,10.0.0.2,10.0.0.1,,,,normal
0.007085,15996,TCP,10.0.0.2,10.0.0.1,,,,normal
0.007098,68,TCP,10.0.0.1,10.0.0.2,,,,normal
0.007102,49300,TCP,10.0.0.2,10.0.0.1,,,,normal
0.007102,65228,TCP,10.0.0.2,10.0.0.1,,,,normal
0.007103,16748,TCP,10.0.0.2,10.0.0.1,,,,normal
0.007117,68,TCP,10.0.0.1,10.0.0.2,,,,normal
0.007122,48548,TCP,10.0.0.2,10.0.0.1,,,,normal
0.007123,65228,TCP,10.0.0.2,10.0.0.1,,,,normal
0.007123,15996,TCP,10.0.0.2,10.0.0.1,,,,normal
0.007266,68,TCP,10.0.0.1,10.0.0.2,,,,normal
0.007272,49300,TCP,10.0.0.2,10.0.0.1,,,,normal
0.007273,65228,TCP,10.0.0.2,10.0.0.1,,,,normal
0.007273,16748,TCP,10.0.0.2,10.0.0.1,,,,normal
0.007289,68,TCP,10.0.0.1,10.0.0.2,,,,normal
0.007294,48548,TCP,10.0.0.2,10.0.0.1,,,,normal
0.007295,65228,TCP,10.0.0.2,10.0.0.1,,,,normal
0.007295,49300,TCP,10.0.0.2,10.0.0.1,,,,normal
0.007309,68,TCP,10.0.0.1,10.0.0.2,,,,normal
0.007314,15996,TCP,10.0.0.2,10.0.0.1,,,,normal
0.007315,65228,TCP,10.0.0.2,10.0.0.1,,,,normal
0.007315,65228,TCP,10.0.0.2,10.0.0.1,,,,normal
0.008549,68,TCP,10.0.0.1,10.0.0.2,,,,normal
0.008564,65228,TCP,10.0.0.2,10.0.0.1,,,,normal
0.008565,65228,TCP,10.0.0.2,10.0.0.1,,,,normal
0.008565,40244,TCP,10.0.0.2,10.0.0.1,,,,normal
0.008589,68,TCP,10.0.0.1,10.0.0.2,,,,normal
0.008590,68,TCP,10.0.0.1,10.0.0.2,,,,normal
0.008591,68,TCP,10.0.0.1,10.0.0.2,,,,normal
0.008603,25052,TCP,10.0.0.2,10.0.0.1,,,,normal
0.008609,68,TCP,10.0.0.1,10.0.0.2,,,,normal
0.008603,65228,TCP,10.0.0.2,10.0.0.1,,,,normal
0.008620,68,TCP,10.0.0.1,10.0.0.2,,,,normal
0.008604,65228,TCP,10.0.0.2,10.0.0.1,,,,normal
0.008625,68,TCP,10.0.0.1,10.0.0.2,,,,normal
0.008604,30476,TCP,10.0.0.2,10.0.0.1,,,,normal
0.008628,68,TCP,10.0.0.1,10.0.0.2,,,,normal
0.008605,34820,TCP,10.0.0.2,10.0.0.1,,,,normal
0.008635,68,TCP,10.0.0.1,10.0.0.2,,,,normal
0.008605,33372,TCP,10.0.0.2,10.0.0.1,,,,normal
0.008638,68,TCP,10.0.0.1,10.0.0.2,,,,normal
0.008606,31924,TCP,10.0.0.2,10.0.0.1,,,,normal
0.008657,68,TCP,10.0.0.1,10.0.0.2,,,,normal
0.008606,10204,TCP,10.0.0.2,10.0.0.1,,,,normal
0.008667,68,TCP,10.0.0.1,10.0.0.2,,,,normal
0.008687,55092,TCP,10.0.0.2,10.0.0.1,,,,normal
0.008700,68,TCP,10.0.0.1,10.0.0.2,,,,normal
0.008687,65228,TCP,10.0.0.2,10.0.0.1,,,,normal
0.008721,68,TCP,10.0.0.1,10.0.0.2,,,,normal
0.008688,65228,TCP,10.0.0.2,10.0.0.1,,,,normal
0.008729,68,TCP,10.0.0.1,10.0.0.2,,,,normal
0.008688,65228,TCP,10.0.0.2,10.0.0.1,,,,normal
0.008735,68,TCP,10.0.0.1,10.0.0.2,,,,normal
0.008688,60884,TCP,10.0.0.2,10.0.0.1,,,,normal
0.008741,68,TCP,10.0.0.1,10.0.0.2,,,,normal
0.008748,4412,TCP,10.0.0.2,10.0.0.1,,,,normal
0.008749,68,TCP,10.0.0.1,10.0.0.2,,,,normal
0.008762,65228,TCP,10.0.0.2,10.0.0.1,,,,normal
0.008766,68,TCP,10.0.0.1,10.0.0.2,,,,normal
0.008771,36868,TCP,10.0.0.2,10.0.0.1,,,,normal
0.008773,68,TCP,10.0.0.1,10.0.0.2,,,,normal
0.008786,65228,TCP,10.0.0.2,10.0.0.1,,,,normal
0.008790,68,TCP,10.0.0.1,10.0.0.2,,,,normal
0.008803,65228,TCP,10.0.0.2,10.0.0.1,,,,normal
0.008808,68,TCP,10.0.0.1,10.0.0.2,,,,normal
0.008811,820,TCP,10.0.0.2,10.0.0.1,,,,normal
0.008812,68,TCP,10.0.0.1,10.0.0.2,,,,normal
0.008826,65228,TCP,10.0.0.2,10.0.0.1,,,,normal
0.008830,68,TCP,10.0.0.1,10.0.0.2,,,,normal
0.008844,65228,TCP,10.0.0.2,10.0.0.1,,,,normal
0.008848,68,TCP,10.0.0.1,10.0.0.2,,,,normal
0.008851,820,TCP,10.0.0.2,10.0.0.1,,,,normal
0.008852,68,TCP,10.0.0.1,10.0.0.2,,,,normal
0.008863,65228,TCP,10.0.0.2,10.0.0.1,,,,normal
0.008867,68,TCP,10.0.0.1,10.0.0.2,,,,normal
0.008884,65228,TCP,10.0.0.2,10.0.0.1,,,,normal
0.008888,68,TCP,10.0.0.1,10.0.0.2,,,,normal
0.008891,820,TCP,10.0.0.2,10.0.0.1,,,,normal
0.008892,68,TCP,10.0.0.1,10.0.0.2,,,,normal
0.008914,65228,TCP,10.0.0.2,10.0.0.1,,,,normal
0.008921,68,TCP,10.0.0.1,10.0.0.2,,,,normal
0.008938,65228,TCP,10.0.0.2,10.0.0.1,,,,normal
0.008944,68,TCP,10.0.0.1,10.0.0.2,,,,normal
0.008948,820,TCP,10.0.0.2,10.0.0.1,,,,normal
0.008949,68,TCP,10.0.0.1,10.0.0.2,,,,normal
0.008970,65228,TCP,10.0.0.2,10.0.0.1,,,,normal
0.008977,68,TCP,10.0.0.1,10.0.0.2,,,,normal
0.008992,65228,TCP,10.0.0.2,10.0.0.1,,,,normal
0.008996,68,TCP,10.0.0.1,10.0.0.2,,,,normal
0.008999,820,TCP,10.0.0.2,10.0.0.1,,,,normal
0.009000,68,TCP,10.0.0.1,10.0.0.2,,,,normal
0.009012,65228,TCP,10.0.0.2,10.0.0.1,,,,normal
0.009016,68,TCP,10.0.0.1,10.0.0.2,,,,normal
0.009023,65228,TCP,10.0.0.2,10.0.0.1,,,,normal
0.009027,68,TCP,10.0.0.1,10.0.0.2,,,,normal
0.009030,820,TCP,10.0.0.2,10.0.0.1,,,,normal
0.009030,68,TCP,10.0.0.1,10.0.0.2,,,,normal
0.010518,68,TCP,10.0.0.1,10.0.0.2,,,,normal
0.010535,65228,TCP,10.0.0.2,10.0.0.1,,,,normal
0.010535,65228,TCP,10.0.0.2,10.0.0.1,,,,normal
0.010536,65228,TCP,10.0.0.2,10.0.0.1,,,,normal
0.010536,65228,TCP,10.0.0.2,10.0.0.1,,,,normal
0.010536,65228,TCP,10.0.0.2,10.0.0.1,,,,normal
0.010537,18892,TCP,10.0.0.2,10.0.0.1,,,,normal
0.010769,68,TCP,10.0.0.1,10.0.0.2,,,,normal
0.010777,46404,TCP,10.0.0.2,10.0.0.1,,,,normal
0.010778,65228,TCP,10.0.0.2,10.0.0.1,,,,normal
0.010778,65228,TCP,10.0.0.2,10.0.0.1,,,,normal
0.010778,65228,TCP,10.0.0.2,10.0.0.1,,,,normal
0.010779,65228,TCP,10.0.0.2,10.0.0.1,,,,normal
0.010779,55092,TCP,10.0.0.2,10.0.0.1,,,,normal
0.010840,68,TCP,10.0.0.1,10.0.0.2,,,,normal
0.010847,10204,TCP,10.0.0.2,10.0.0.1,,,,normal
0.010847,65228,TCP,10.0.0.2,10.0.0.1,,,,normal
0.010847,65228,TCP,10.0.0.2,10.0.0.1,,,,normal
0.010848,65228,TCP,10.0.0.2,10.0.0.1,,,,normal
0.010848,65228,TCP,10.0.0.2,10.0.0.1,,,,normal
0.010881,65228,TCP,10.0.0.2,10.0.0.1,,,,normal
0.010887,7588,TCP,10.0.0.2,10.0.0.1,,,,normal
0.010895,34820,TCP,10.0.0.2,10.0.0.1,,,,normal
0.011587,68,TCP,10.0.0.1,10.0.0.2,,,,normal
0.011600,65228,TCP,10.0.0.2,10.0.0.1,,,,normal
0.011601,65228,TCP,10.0.0.2,10.0.0.1,,,,normal
0.011601,65228,TCP,10.0.0.2,10.0.0.1,,,,normal
0.011602,65228,TCP,10.0.0.2,10.0.0.1,,,,normal
0.011602,65228,TCP,10.0.0.2,10.0.0.1,,,,normal
0.011602,65228,TCP,10.0.0.2,10.0.0.1,,,,normal
0.011603,7308,TCP,10.0.0.2,10.0.0.1,,,,normal
0.011708,68,TCP,10.0.0.1,10.0.0.2,,,,normal
0.011717,57988,TCP,10.0.0.2,10.0.0.1,,,,normal
0.011717,65228,TCP,10.0.0.2,10.0.0.1,,,,normal
0.011718,65228,TCP,10.0.0.2,10.0.0.1,,,,normal
0.011718,65228,TCP,10.0.0.2,10.0.0.1,,,,normal
0.011718,65228,TCP,10.0.0.2,10.0.0.1,,,,normal
0.011719,65228,TCP,10.0.0.2,10.0.0.1,,,,normal
0.011900,34820,TCP,10.0.0.2,10.0.0.1,,,,normal
0.018805,1516,TCP,10.0.0.2,10.0.0.1,,,,normal
0.019387,68,TCP,10.0.0.1,10.0.0.2,,,,normal
0.019399,63780,TCP,10.0.0.2,10.0.0.1,,,,normal
0.019399,65228,TCP,10.0.0.2,10.0.0.1,,,,normal
0.019400,65228,TCP,10.0.0.2,10.0.0.1,,,,normal
0.019400,1740,TCP,10.0.0.2,10.0.0.1,,,,normal
0.019448,68,TCP,10.0.0.1,10.0.0.2,,,,normal
0.020244,68,TCP,10.0.0.2,10.0.0.1,,,,normal
0.030557,68,TCP,10.0.0.1,10.0.0.2,,,,normal
0.030574,68,TCP,10.0.0.2,10.0.0.1,,,,normal
1.104605,44,,,,,,,unknown
1.104620,44,,,,,,,unknown
1.105235,100,ICMP,10.0.0.10,10.0.0.1,,,,ping_ddos
1.105241,100,ICMP,10.0.0.1,10.0.0.10,,,,ping_ddos
1.106010,100,ICMP,10.0.0.10,10.0.0.1,,,,ping_ddos
1.106014,100,ICMP,10.0.0.1,10.0.0.10,,,,ping_ddos
1.106100,100,ICMP,10.0.0.10,10.0.0.1,,,,ping_ddos
1.106103,100,ICMP,10.0.0.1,10.0.0.10,,,,ping_ddos
1.106114,100,ICMP,10.0.0.10,10.0.0.1,,,,ping_ddos
1.106116,100,ICMP,10.0.0.1,10.0.0.10,,,,ping_ddos
1.106126,100,ICMP,10.0.0.10,10.0.0.1,,,,ping_ddos
1.106127,100,ICMP,10.0.0.1,10.0.0.10,,,,ping_ddos
1.106137,100,ICMP,10.0.0.10,10.0.0.1,,,,ping_ddos
1.106139,100,ICMP,10.0.0.1,10.0.0.10,,,,ping_ddos
1.106148,100,ICMP,10.0.0.10,10.0.0.1,,,,ping_ddos
1.106149,100,ICMP,10.0.0.1,10.0.0.10,,,,ping_ddos
1.106159,100,ICMP,10.0.0.10,10.0.0.1,,,,ping_ddos
1.106160,100,ICMP,10.0.0.1,10.0.0.10,,,,ping_ddos
1.106170,100,ICMP,10.0.0.10,10.0.0.1,,,,ping_ddos
1.106171,100,ICMP,10.0.0.1,10.0.0.10,,,,ping_ddos
1.106181,100,ICMP,10.0.0.10,10.0.0.1,,,,ping_ddos
1.106183,100,ICMP,10.0.0.1,10.0.0.10,,,,ping_ddos
1.115884,44,,,,,,,unknown
1.115897,44,,,,,,,unknown
1.116471,100,ICMP,10.0.0.11,10.0.0.1,,,,ping_ddos
1.116477,100,ICMP,10.0.0.1,10.0.0.11,,,,ping_ddos
1.117175,100,ICMP,10.0.0.11,10.0.0.1,,,,ping_ddos
1.117178,100,ICMP,10.0.0.1,10.0.0.11,,,,ping_ddos
1.117255,100,ICMP,10.0.0.11,10.0.0.1,,,,ping_ddos
1.117257,100,ICMP,10.0.0.1,10.0.0.11,,,,ping_ddos
1.117267,100,ICMP,10.0.0.11,10.0.0.1,,,,ping_ddos
1.117268,100,ICMP,10.0.0.1,10.0.0.11,,,,ping_ddos
1.117277,100,ICMP,10.0.0.11,10.0.0.1,,,,ping_ddos
1.117278,100,ICMP,10.0.0.1,10.0.0.11,,,,ping_ddos
1.117287,100,ICMP,10.0.0.11,10.0.0.1,,,,ping_ddos
1.117288,100,ICMP,10.0.0.1,10.0.0.11,,,,ping_ddos
1.117297,100,ICMP,10.0.0.11,10.0.0.1,,,,ping_ddos
1.117298,100,ICMP,10.0.0.1,10.0.0.11,,,,ping_ddos
1.117306,100,ICMP,10.0.0.11,10.0.0.1,,,,ping_ddos
1.117307,100,ICMP,10.0.0.1,10.0.0.11,,,,ping_ddos
1.117315,100,ICMP,10.0.0.11,10.0.0.1,,,,ping_ddos
1.117317,100,ICMP,10.0.0.1,10.0.0.11,,,,ping_ddos
1.117325,100,ICMP,10.0.0.11,10.0.0.1,,,,ping_ddos
1.117326,100,ICMP,10.0.0.1,10.0.0.11,,,,ping_ddos
1.125785,44,,,,,,,unknown
1.125797,44,,,,,,,unknown
1.126267,100,ICMP,10.0.0.12,10.0.0.1,,,,ping_ddos
1.126272,100,ICMP,10.0.0.1,10.0.0.12,,,,ping_ddos
1.126830,100,ICMP,10.0.0.12,10.0.0.1,,,,ping_ddos
1.126833,100,ICMP,10.0.0.1,10.0.0.12,,,,ping_ddos
1.126901,100,ICMP,10.0.0.12,10.0.0.1,,,,ping_ddos
1.126902,100,ICMP,10.0.0.1,10.0.0.12,,,,ping_ddos
1.126908,100,ICMP,10.0.0.12,10.0.0.1,,,,ping_ddos
1.126910,100,ICMP,10.0.0.1,10.0.0.12,,,,ping_ddos
1.126915,100,ICMP,10.0.0.12,10.0.0.1,,,,ping_ddos
1.126916,100,ICMP,10.0.0.1,10.0.0.12,,,,ping_ddos
1.126921,100,ICMP,10.0.0.12,10.0.0.1,,,,ping_ddos
1.126922,100,ICMP,10.0.0.1,10.0.0.12,,,,ping_ddos
1.126927,100,ICMP,10.0.0.12,10.0.0.1,,,,ping_ddos
1.126928,100,ICMP,10.0.0.1,10.0.0.12,,,,ping_ddos
1.126932,100,ICMP,10.0.0.12,10.0.0.1,,,,ping_ddos
1.126933,100,ICMP,10.0.0.1,10.0.0.12,,,,ping_ddos
1.126938,100,ICMP,10.0.0.12,10.0.0.1,,,,ping_ddos
1.126939,100,ICMP,10.0.0.1,10.0.0.12,,,,ping_ddos
1.126944,100,ICMP,10.0.0.12,10.0.0.1,,,,ping_ddos
1.126945,100,ICMP,10.0.0.1,10.0.0.12,,,,ping_ddos
1.134114,100,ICMP,10.0.0.10,10.0.0.1,,,,ping_ddos
1.134120,100,ICMP,10.0.0.1,10.0.0.10,,,,ping_ddos
1.134131,100,ICMP,10.0.0.10,10.0.0.1,,,,ping_ddos
1.134133,100,ICMP,10.0.0.1,10.0.0.10,,,,ping_ddos
1.134138,100,ICMP,10.0.0.10,10.0.0.1,,,,ping_ddos
1.134139,100,ICMP,10.0.0.1,10.0.0.10,,,,ping_ddos
1.134144,100,ICMP,10.0.0.10,10.0.0.1,,,,ping_ddos
1.134145,100,ICMP,10.0.0.1,10.0.0.10,,,,ping_ddos
1.134150,100,ICMP,10.0.0.10,10.0.0.1,,,,ping_ddos
1.134151,100,ICMP,10.0.0.1,10.0.0.10,,,,ping_ddos
1.134156,100,ICMP,10.0.0.10,10.0.0.1,,,,ping_ddos
1.134157,100,ICMP,10.0.0.1,10.0.0.10,,,,ping_ddos
1.134161,100,ICMP,10.0.0.10,10.0.0.1,,,,ping_ddos
1.134162,100,ICMP,10.0.0.1,10.0.0.10,,,,ping_ddos
1.134166,100,ICMP,10.0.0.10,10.0.0.1,,,,ping_ddos
1.134167,100,ICMP,10.0.0.1,10.0.0.10,,,,ping_ddos
1.134172,100,ICMP,10.0.0.10,10.0.0.1,,,,ping_ddos
1.134173,100,ICMP,10.0.0.1,10.0.0.10,,,,ping_ddos
1.134178,100,ICMP,10.0.0.10,10.0.0.1,,,,ping_ddos
1.134179,100,ICMP,10.0.0.1,10.0.0.10,,,,ping_ddos
1.141162,100,ICMP,10.0.0.11,10.0.0.1,,,,ping_ddos
1.141168,100,ICMP,10.0.0.1,10.0.0.11,,,,ping_ddos
1.141179,100,ICMP,10.0.0.11,10.0.0.1,,,,ping_ddos
1.141181,100,ICMP,10.0.0.1,10.0.0.11,,,,ping_ddos
1.141186,100,ICMP,10.0.0.11,10.0.0.1,,,,ping_ddos
1.141187,100,ICMP,10.0.0.1,10.0.0.11,,,,ping_ddos
1.141191,100,ICMP,10.0.0.11,10.0.0.1,,,,ping_ddos
1.141192,100,ICMP,10.0.0.1,10.0.0.11,,,,ping_ddos
1.141197,100,ICMP,10.0.0.11,10.0.0.1,,,,ping_ddos
1.141198,100,ICMP,10.0.0.1,10.0.0.11,,,,ping_ddos
1.141202,100,ICMP,10.0.0.11,10.0.0.1,,,,ping_ddos
1.141203,100,ICMP,10.0.0.1,10.0.0.11,,,,ping_ddos
1.141208,100,ICMP,10.0.0.11,10.0.0.1,,,,ping_ddos
1.141208,100,ICMP,10.0.0.1,10.0.0.11,,,,ping_ddos
1.141213,100,ICMP,10.0.0.11,10.0.0.1,,,,ping_ddos
1.141214,100,ICMP,10.0.0.1,10.0.0.11,,,,ping_ddos
1.141219,100,ICMP,10.0.0.11,10.0.0.1,,,,ping_ddos
1.141220,100,ICMP,10.0.0.1,10.0.0.11,,,,ping_ddos
1.141224,100,ICMP,10.0.0.11,10.0.0.1,,,,ping_ddos
1.141225,100,ICMP,10.0.0.1,10.0.0.11,,,,ping_ddos
1.148340,100,ICMP,10.0.0.12,10.0.0.1,,,,ping_ddos
1.148346,100,ICMP,10.0.0.1,10.0.0.12,,,,ping_ddos
1.148357,100,ICMP,10.0.0.12,10.0.0.1,,,,ping_ddos
1.148359,100,ICMP,10.0.0.1,10.0.0.12,,,,ping_ddos
1.148364,100,ICMP,10.0.0.12,10.0.0.1,,,,ping_ddos
1.148365,100,ICMP,10.0.0.1,10.0.0.12,,,,ping_ddos
1.148370,100,ICMP,10.0.0.12,10.0.0.1,,,,ping_ddos
1.148371,100,ICMP,10.0.0.1,10.0.0.12,,,,ping_ddos
1.148376,100,ICMP,10.0.0.12,10.0.0.1,,,,ping_ddos
1.148377,100,ICMP,10.0.0.1,10.0.0.12,,,,ping_ddos
1.148382,100,ICMP,10.0.0.12,10.0.0.1,,,,ping_ddos
1.148383,100,ICMP,10.0.0.1,10.0.0.12,,,,ping_ddos
1.148387,100,ICMP,10.0.0.12,10.0.0.1,,,,ping_ddos
1.148388,100,ICMP,10.0.0.1,10.0.0.12,,,,ping_ddos
1.148392,100,ICMP,10.0.0.12,10.0.0.1,,,,ping_ddos
1.148393,100,ICMP,10.0.0.1,10.0.0.12,,,,ping_ddos
1.148398,100,ICMP,10.0.0.12,10.0.0.1,,,,ping_ddos
1.148399,100,ICMP,10.0.0.1,10.0.0.12,,,,ping_ddos
1.148404,100,ICMP,10.0.0.12,10.0.0.1,,,,ping_ddos
1.148431,100,ICMP,10.0.0.1,10.0.0.12,,,,ping_ddos
1.155031,100,ICMP,10.0.0.10,10.0.0.1,,,,ping_ddos
1.155037,100,ICMP,10.0.0.1,10.0.0.10,,,,ping_ddos
1.155049,100,ICMP,10.0.0.10,10.0.0.1,,,,ping_ddos
1.155050,100,ICMP,10.0.0.1,10.0.0.10,,,,ping_ddos
1.155055,100,ICMP,10.0.0.10,10.0.0.1,,,,ping_ddos
1.155056,100,ICMP,10.0.0.1,10.0.0.10,,,,ping_ddos
1.155061,100,ICMP,10.0.0.10,10.0.0.1,,,,ping_ddos
1.155062,100,ICMP,10.0.0.1,10.0.0.10,,,,ping_ddos
1.155067,100,ICMP,10.0.0.10,10.0.0.1,,,,ping_ddos
1.155068,100,ICMP,10.0.0.1,10.0.0.10,,,,ping_ddos
1.155073,100,ICMP,10.0.0.10,10.0.0.1,,,,ping_ddos
1.155074,100,ICMP,10.0.0.1,10.0.0.10,,,,ping_ddos
1.155079,100,ICMP,10.0.0.10,10.0.0.1,,,,ping_ddos
1.155080,100,ICMP,10.0.0.1,10.0.0.10,,,,ping_ddos
1.155085,100,ICMP,10.0.0.10,10.0.0.1,,,,ping_ddos
1.155085,100,ICMP,10.0.0.1,10.0.0.10,,,,ping_ddos
1.155090,100,ICMP,10.0.0.10,10.0.0.1,,,,ping_ddos
1.155091,100,ICMP,10.0.0.1,10.0.0.10,,,,ping_ddos
1.155096,100,ICMP,10.0.0.10,10.0.0.1,,,,ping_ddos
1.155097,100,ICMP,10.0.0.1,10.0.0.10,,,,ping_ddos
1.162367,100,ICMP,10.0.0.11,10.0.0.1,,,,ping_ddos
1.162373,100,ICMP,10.0.0.1,10.0.0.11,,,,ping_ddos
1.162388,100,ICMP,10.0.0.11,10.0.0.1,,,,ping_ddos
1.162389,100,ICMP,10.0.0.1,10.0.0.11,,,,ping_ddos
1.162397,100,ICMP,10.0.0.11,10.0.0.1,,,,ping_ddos
1.162398,100,ICMP,10.0.0.1,10.0.0.11,,,,ping_ddos
1.162406,100,ICMP,10.0.0.11,10.0.0.1,,,,ping_ddos
1.162407,100,ICMP,10.0.0.1,10.0.0.11,,,,ping_ddos
1.162435,100,ICMP,10.0.0.11,10.0.0.1,,,,ping_ddos
1.162436,100,ICMP,10.0.0.1,10.0.0.11,,,,ping_ddos
1.162460,100,ICMP,10.0.0.11,10.0.0.1,,,,ping_ddos
1.162461,100,ICMP,10.0.0.1,10.0.0.11,,,,ping_ddos
1.162468,100,ICMP,10.0.0.11,10.0.0.1,,,,ping_ddos
1.162469,100,ICMP,10.0.0.1,10.0.0.11,,,,ping_ddos
1.162476,100,ICMP,10.0.0.11,10.0.0.1,,,,ping_ddos
1.162477,100,ICMP,10.0.0.1,10.0.0.11,,,,ping_ddos
1.162485,100,ICMP,10.0.0.11,10.0.0.1,,,,ping_ddos
1.162486,100,ICMP,10.0.0.1,10.0.0.11,,,,ping_ddos
1.162494,100,ICMP,10.0.0.11,10.0.0.1,,,,ping_ddos
1.162495,100,ICMP,10.0.0.1,10.0.0.11,,,,ping_ddos
1.168226,100,ICMP,10.0.0.12,10.0.0.1,,,,ping_ddos
1.168231,100,ICMP,10.0.0.1,10.0.0.12,,,,ping_ddos
1.168242,100,ICMP,10.0.0.12,10.0.0.1,,,,ping_ddos
1.168243,100,ICMP,10.0.0.1,10.0.0.12,,,,ping_ddos
1.168249,100,ICMP,10.0.0.12,10.0.0.1,,,,ping_ddos
1.168250,100,ICMP,10.0.0.1,10.0.0.12,,,,ping_ddos
1.168255,100,ICMP,10.0.0.12,10.0.0.1,,,,ping_ddos
1.168255,100,ICMP,10.0.0.1,10.0.0.12,,,,ping_ddos
1.168260,100,ICMP,10.0.0.12,10.0.0.1,,,,ping_ddos
1.168261,100,ICMP,10.0.0.1,10.0.0.12,,,,ping_ddos
1.168266,100,ICMP,10.0.0.12,10.0.0.1,,,,ping_ddos
1.168267,100,ICMP,10.0.0.1,10.0.0.12,,,,ping_ddos
1.168272,100,ICMP,10.0.0.12,10.0.0.1,,,,ping_ddos
1.168273,100,ICMP,10.0.0.1,10.0.0.12,,,,ping_ddos
1.168277,100,ICMP,10.0.0.12,10.0.0.1,,,,ping_ddos
1.168278,100,ICMP,10.0.0.1,10.0.0.12,,,,ping_ddos
1.168283,100,ICMP,10.0.0.12,10.0.0.1,,,,ping_ddos
1.168284,100,ICMP,10.0.0.1,10.0.0.12,,,,ping_ddos
1.168288,100,ICMP,10.0.0.12,10.0.0.1,,,,ping_ddos
1.168289,100,ICMP,10.0.0.1,10.0.0.12,,,,ping_ddos
1.174327,100,ICMP,10.0.0.10,10.0.0.1,,,,ping_ddos
1.174334,100,ICMP,10.0.0.1,10.0.0.10,,,,ping_ddos
1.174345,100,ICMP,10.0.0.10,10.0.0.1,,,,ping_ddos
1.174346,100,ICMP,10.0.0.1,10.0.0.10,,,,ping_ddos
1.174351,100,ICMP,10.0.0.10,10.0.0.1,,,,ping_ddos
1.174352,100,ICMP,10.0.0.1,10.0.0.10,,,,ping_ddos
1.174357,100,ICMP,10.0.0.10,10.0.0.1,,,,ping_ddos
1.174358,100,ICMP,10.0.0.1,10.0.0.10,,,,ping_ddos
1.174363,100,ICMP,10.0.0.10,10.0.0.1,,,,ping_ddos
1.174364,100,ICMP,10.0.0.1,10.0.0.10,,,,ping_ddos
1.174368,100,ICMP,10.0.0.10,10.0.0.1,,,,ping_ddos
1.174369,100,ICMP,10.0.0.1,10.0.0.10,,,,ping_ddos
1.174374,100,ICMP,10.0.0.10,10.0.0.1,,,,ping_ddos
1.174374,100,ICMP,10.0.0.1,10.0.0.10,,,,ping_ddos
1.174379,100,ICMP,10.0.0.10,10.0.0.1,,,,ping_ddos
1.174380,100,ICMP,10.0.0.1,10.0.0.10,,,,ping_ddos
1.174385,100,ICMP,10.0.0.10,10.0.0.1,,,,ping_ddos
1.174386,100,ICMP,10.0.0.1,10.0.0.10,,,,ping_ddos
1.174391,100,ICMP,10.0.0.10,10.0.0.1,,,,ping_ddos
1.174392,100,ICMP,10.0.0.1,10.0.0.10,,,,ping_ddos
1.180851,100,ICMP,10.0.0.11,10.0.0.1,,,,ping_ddos
1.180858,100,ICMP,10.0.0.1,10.0.0.11,,,,ping_ddos
1.180870,100,ICMP,10.0.0.11,10.0.0.1,,,,ping_ddos
1.180871,100,ICMP,10.0.0.1,10.0.0.11,,,,ping_ddos
1.180876,100,ICMP,10.0.0.11,10.0.0.1,,,,ping_ddos
1.180877,100,ICMP,10.0.0.1,10.0.0.11,,,,ping_ddos
1.180882,100,ICMP,10.0.0.11,10.0.0.1,,,,ping_ddos
1.180883,100,ICMP,10.0.0.1,10.0.0.11,,,,ping_ddos
1.180888,100,ICMP,10.0.0.11,10.0.0.1,,,,ping_ddos
1.180889,100,ICMP,10.0.0.1,10.0.0.11,,,,ping_ddos
1.180894,100,ICMP,10.0.0.11,10.0.0.1,,,,ping_ddos
1.180895,100,ICMP,10.0.0.1,10.0.0.11,,,,ping_ddos
1.180900,100,ICMP,10.0.0.11,10.0.0.1,,,,ping_ddos
1.180901,100,ICMP,10.0.0.1,10.0.0.11,,,,ping_ddos
1.180906,100,ICMP,10.0.0.11,10.0.0.1,,,,ping_ddos
1.180907,100,ICMP,10.0.0.1,10.0.0.11,,,,ping_ddos
1.180911,100,ICMP,10.0.0.11,10.0.0.1,,,,ping_ddos
1.180912,100,ICMP,10.0.0.1,10.0.0.11,,,,ping_ddos
1.180917,100,ICMP,10.0.0.11,10.0.0.1,,,,ping_ddos
1.180918,100,ICMP,10.0.0.1,10.0.0.11,,,,ping_ddos
1.186820,100,ICMP,10.0.0.12,10.0.0.1,,,,ping_ddos
1.186824,100,ICMP,10.0.0.1,10.0.0.12,,,,ping_ddos
1.186835,100,ICMP,10.0.0.12,10.0.0.1,,,,ping_ddos
1.186836,100,ICMP,10.0.0.1,10.0.0.12,,,,ping_ddos
1.186842,100,ICMP,10.0.0.12,10.0.0.1,,,,ping_ddos
1.186843,100,ICMP,10.0.0.1,10.0.0.12,,,,ping_ddos
1.186849,100,ICMP,10.0.0.12,10.0.0.1,,,,ping_ddos
1.186850,100,ICMP,10.0.0.1,10.0.0.12,,,,ping_ddos
1.186855,100,ICMP,10.0.0.12,10.0.0.1,,,,ping_ddos
1.186856,100,ICMP,10.0.0.1,10.0.0.12,,,,ping_ddos
1.186861,100,ICMP,10.0.0.12,10.0.0.1,,,,ping_ddos
1.186862,100,ICMP,10.0.0.1,10.0.0.12,,,,ping_ddos
1.186867,100,ICMP,10.0.0.12,10.0.0.1,,,,ping_ddos
1.186869,100,ICMP,10.0.0.1,10.0.0.12,,,,ping_ddos
1.186874,100,ICMP,10.0.0.12,10.0.0.1,,,,ping_ddos
1.186875,100,ICMP,10.0.0.1,10.0.0.12,,,,ping_ddos
1.186880,100,ICMP,10.0.0.12,10.0.0.1,,,,ping_ddos
1.186881,100,ICMP,10.0.0.1,10.0.0.12,,,,ping_ddos
1.186887,100,ICMP,10.0.0.12,10.0.0.1,,,,ping_ddos
1.186888,100,ICMP,10.0.0.1,10.0.0.12,,,,ping_ddos
1.193404,100,ICMP,10.0.0.10,10.0.0.1,,,,ping_ddos
1.193413,100,ICMP,10.0.0.1,10.0.0.10,,,,ping_ddos
1.193442,100,ICMP,10.0.0.10,10.0.0.1,,,,ping_ddos
1.193444,100,ICMP,10.0.0.1,10.0.0.10,,,,ping_ddos
1.193451,100,ICMP,10.0.0.10,10.0.0.1,,,,ping_ddos
1.193452,100,ICMP,10.0.0.1,10.0.0.10,,,,ping_ddos
1.193458,100,ICMP,10.0.0.10,10.0.0.1,,,,ping_ddos
1.193459,100,ICMP,10.0.0.1,10.0.0.10,,,,ping_ddos
1.193465,100,ICMP,10.0.0.10,10.0.0.1,,,,ping_ddos
1.193467,100,ICMP,10.0.0.1,10.0.0.10,,,,ping_ddos
1.193472,100,ICMP,10.0.0.10,10.0.0.1,,,,ping_ddos
1.193474,100,ICMP,10.0.0.1,10.0.0.10,,,,ping_ddos
1.193479,100,ICMP,10.0.0.10,10.0.0.1,,,,ping_ddos
1.193481,100,ICMP,10.0.0.1,10.0.0.10,,,,ping_ddos
1.193487,100,ICMP,10.0.0.10,10.0.0.1,,,,ping_ddos
1.193488,100,ICMP,10.0.0.1,10.0.0.10,,,,ping_ddos
1.193494,100,ICMP,10.0.0.10,10.0.0.1,,,,ping_ddos
1.193495,100,ICMP,10.0.0.1,10.0.0.10,,,,ping_ddos
1.193501,100,ICMP,10.0.0.10,10.0.0.1,,,,ping_ddos
1.193502,100,ICMP,10.0.0.1,10.0.0.10,,,,ping_ddos
1.200470,100,ICMP,10.0.0.11,10.0.0.1,,,,ping_ddos
1.200477,100,ICMP,10.0.0.1,10.0.0.11,,,,ping_ddos
1.200490,100,ICMP,10.0.0.11,10.0.0.1,,,,ping_ddos
1.200492,100,ICMP,10.0.0.1,10.0.0.11,,,,ping_ddos
1.200498,100,ICMP,10.0.0.11,10.0.0.1,,,,ping_ddos
1.200499,100,ICMP,10.0.0.1,10.0.0.11,,,,ping_ddos
1.200518,100,ICMP,10.0.0.11,10.0.0.1,,,,ping_ddos
1.200519,100,ICMP,10.0.0.1,10.0.0.11,,,,ping_ddos
1.200525,100,ICMP,10.0.0.11,10.0.0.1,,,,ping_ddos
1.200526,100,ICMP,10.0.0.1,10.0.0.11,,,,ping_ddos
1.200532,100,ICMP,10.0.0.11,10.0.0.1,,,,ping_ddos
1.200533,100,ICMP,10.0.0.1,10.0.0.11,,,,ping_ddos
1.200538,100,ICMP,10.0.0.11,10.0.0.1,,,,ping_ddos
1.200539,100,ICMP,10.0.0.1,10.0.0.11,,,,ping_ddos
1.200545,100,ICMP,10.0.0.11,10.0.0.1,,,,ping_ddos
1.200546,100,ICMP,10.0.0.1,10.0.0.11,,,,ping_ddos
1.200551,100,ICMP,10.0.0.11,10.0.0.1,,,,ping_ddos
1.200553,100,ICMP,10.0.0.1,10.0.0.11,,,,ping_ddos
1.200558,100,ICMP,10.0.0.11,10.0.0.1,,,,ping_ddos
1.200559,100,ICMP,10.0.0.1,10.0.0.11,,,,ping_ddos
1.207066,100,ICMP,10.0.0.12,10.0.0.1,,,,ping_ddos
1.207074,100,ICMP,10.0.0.1,10.0.0.12,,,,ping_ddos
1.207107,100,ICMP,10.0.0.12,10.0.0.1,,,,ping_ddos
1.207110,100,ICMP,10.0.0.1,10.0.0.12,,,,ping_ddos
1.207117,100,ICMP,10.0.0.12,10.0.0.1,,,,ping_ddos
1.207119,100,ICMP,10.0.0.1,10.0.0.12,,,,ping_ddos
1.207124,100,ICMP,10.0.0.12,10.0.0.1,,,,ping_ddos
1.207125,100,ICMP,10.0.0.1,10.0.0.12,,,,ping_ddos
1.207131,100,ICMP,10.0.0.12,10.0.0.1,,,,ping_ddos
1.207133,100,ICMP,10.0.0.1,10.0.0.12,,,,ping_ddos
1.207139,100,ICMP,10.0.0.12,10.0.0.1,,,,ping_ddos
1.207140,100,ICMP,10.0.0.1,10.0.0.12,,,,ping_ddos
1.207146,100,ICMP,10.0.0.12,10.0.0.1,,,,ping_ddos
1.207147,100,ICMP,10.0.0.1,10.0.0.12,,,,ping_ddos
1.207153,100,ICMP,10.0.0.12,10.0.0.1,,,,ping_ddos
1.207154,100,ICMP,10.0.0.1,10.0.0.12,,,,ping_ddos
1.207160,100,ICMP,10.0.0.12,10.0.0.1,,,,ping_ddos
1.207162,100,ICMP,10.0.0.1,10.0.0.12,,,,ping_ddos
1.207168,100,ICMP,10.0.0.12,10.0.0.1,,,,ping_ddos
1.207169,100,ICMP,10.0.0.1,10.0.0.12,,,,ping_ddos
5.010348,44,,,,,,,unknown
5.013011,44,,,,,,,unknown
6.114224,44,,,,,,,unknown
6.116068,44,,,,,,,unknown
6.130359,44,,,,,,,unknown
6.130382,44,,,,,,,unknown
6.133293,44,,,,,,,unknown
6.133374,44,,,,,,,unknown
6.268613,76,TCP,10.0.0.2,10.0.0.1,,,,normal
6.268624,76,TCP,10.0.0.1,10.0.0.2,,,,normal
6.269069,68,TCP,10.0.0.2,10.0.0.1,,,,normal
6.269878,92,TCP,10.0.0.2,10.0.0.1,,,,normal
6.269884,68,TCP,10.0.0.1,10.0.0.2,,,,normal
6.269892,1516,TCP,10.0.0.2,10.0.0.1,,,,normal
6.269894,68,TCP,10.0.0.1,10.0.0.2,,,,normal
6.269902,1516,TCP,10.0.0.2,10.0.0.1,,,,normal
6.269903,68,TCP,10.0.0.1,10.0.0.2,,,,normal
6.269907,1516,TCP,10.0.0.2,10.0.0.1,,,,normal
6.269908,68,TCP,10.0.0.1,10.0.0.2,,,,normal
6.269913,1516,TCP,10.0.0.2,10.0.0.1,,,,normal
6.269915,68,TCP,10.0.0.1,10.0.0.2,,,,normal
6.269919,1516,TCP,10.0.0.2,10.0.0.1,,,,normal
6.269920,68,TCP,10.0.0.1,10.0.0.2,,,,normal
6.269925,1516,TCP,10.0.0.2,10.0.0.1,,,,normal
6.269927,68,TCP,10.0.0.1,10.0.0.2,,,,normal
6.269930,1516,TCP,10.0.0.2,10.0.0.1,,,,normal
6.269932,68,TCP,10.0.0.1,10.0.0.2,,,,normal
6.269938,1516,TCP,10.0.0.2,10.0.0.1,,,,normal
6.269940,68,TCP,10.0.0.1,10.0.0.2,,,,normal
6.269944,1516,TCP,10.0.0.2,10.0.0.1,,,,normal
6.269945,68,TCP,10.0.0.1,10.0.0.2,,,,normal
6.270061,2964,TCP,10.0.0.2,10.0.0.1,,,,normal
6.270064,68,TCP,10.0.0.1,10.0.0.2,,,,normal
6.270071,11652,TCP,10.0.0.2,10.0.0.1,,,,normal
6.270077,68,TCP,10.0.0.1,10.0.0.2,,,,normal
6.270072,14548,TCP,10.0.0.2,10.0.0.1,,,,normal
6.270083,68,TCP,10.0.0.1,10.0.0.2,,,,normal
6.270072,5860,TCP,10.0.0.2,10.0.0.1,,,,normal
6.270088,68,TCP,10.0.0.1,10.0.0.2,,,,normal
6.270099,8756,TCP,10.0.0.2,10.0.0.1,,,,normal
6.270102,68,TCP,10.0.0.1,10.0.0.2,,,,normal
6.270099,14548,TCP,10.0.0.2,10.0.0.1,,,,normal
6.270105,68,TCP,10.0.0.1,10.0.0.2,,,,normal
6.270100,14548,TCP,10.0.0.2,10.0.0.1,,,,normal
6.270108,68,TCP,10.0.0.1,10.0.0.2,,,,normal
6.270244,43508,TCP,10.0.0.2,10.0.0.1,,,,normal
6.270250,68,TCP,10.0.0.1,10.0.0.2,,,,normal
6.270254,2268,TCP,10.0.0.2,10.0.0.1,,,,normal
6.270255,68,TCP,10.0.0.1,10.0.0.2,,,,normal
6.270271,65228,TCP,10.0.0.2,10.0.0.1,,,,normal
6.270286,35260,TCP,10.0.0.2,10.0.0.1,,,,normal
6.270317,68,TCP,10.0.0.1,10.0.0.2,,,,normal
6.270325,49732,TCP,10.0.0.2,10.0.0.1,,,,normal
6.270670,68,TCP,10.0.0.1,10.0.0.2,,,,normal
6.270680,15564,TCP,10.0.0.2,10.0.0.1,,,,normal
6.270681,65228,TCP,10.0.0.2,10.0.0.1,,,,normal
6.270681,14548,TCP,10.0.0.2,10.0.0.1,,,,normal
6.270701,68,TCP,10.0.0.1,10.0.0.2,,,,normal
6.270705,50748,TCP,10.0.0.2,10.0.0.1,,,,normal
6.270706,29772,TCP,10.0.0.2,10.0.0.1,,,,normal
6.270722,68,TCP,10.0.0.1,10.0.0.2,,,,normal
6.270727,35524,TCP,10.0.0.2,10.0.0.1,,,,normal
6.270728,65228,TCP,10.0.0.2,10.0.0.1,,,,normal
6.270728,23236,TCP,10.0.0.2,10.0.0.1,,,,normal
6.270855,68,TCP,10.0.0.1,10.0.0.2,,,,normal
6.270864,42060,TCP,10.0.0.2,10.0.0.1,,,,normal
6.270864,65228,TCP,10.0.0.2,10.0.0.1,,,,normal
6.270865,20404,TCP,10.0.0.2,10.0.0.1,,,,normal
6.270884,68,TCP,10.0.0.1,10.0.0.2,,,,normal
6.270889,44892,TCP,10.0.0.2,10.0.0.1,,,,normal
6.270890,65228,TCP,10.0.0.2,10.0.0.1,,,,normal
6.270891,17444,TCP,10.0.0.2,10.0.0.1,,,,normal
6.271044,68,TCP,10.0.0.1,10.0.0.2,,,,normal
6.271051,47852,TCP,10.0.0.2,10.0.0.1,,,,normal
6.271051,65228,TCP,10.0.0.2,10.0.0.1,,,,normal
6.271070,68,TCP,10.0.0.1,10.0.0.2,,,,normal
6.271084,65228,TCP,10.0.0.2,10.0.0.1,,,,normal
6.271096,35300,TCP,10.0.0.2,10.0.0.1,,,,normal
6.271107,38940,TCP,10.0.0.2,10.0.0.1,,,,normal
6.271339,68,TCP,10.0.0.1,10.0.0.2,,,,normal
6.271346,65228,TCP,10.0.0.2,10.0.0.1,,,,normal
6.271354,68,TCP,10.0.0.1,10.0.0.2,,,,normal
6.271359,65228,TCP,10.0.0.2,10.0.0.1,,,,normal
6.271367,68,TCP,10.0.0.1,10.0.0.2,,,,normal
6.271370,21812,TCP,10.0.0.2,10.0.0.1,,,,normal
6.271494,68,TCP,10.0.0.1,10.0.0.2,,,,normal
6.271504,43484,TCP,10.0.0.2,10.0.0.1,,,,normal
6.271504,65228,TCP,10.0.0.2,10.0.0.1,,,,normal
6.271505,18892,TCP,10.0.0.2,10.0.0.1,,,,normal
6.271524,68,TCP,10.0.0.1,10.0.0.2,,,,normal
6.271531,46404,TCP,10.0.0.2,10.0.0.1,,,,normal
6.271531,65228,TCP,10.0.0.2,10.0.0.1,,,,normal
6.271532,18108,TCP,10.0.0.2,10.0.0.1,,,,normal
6.271703,68,TCP,10.0.0.1,10.0.0.2,,,,normal
6.271710,47188,TCP,10.0.0.2,10.0.0.1,,,,normal
6.271711,65228,TCP,10.0.0.2,10.0.0.1,,,,normal
6.271711,17444,TCP,10.0.0.2,10.0.0.1,,,,normal
6.271732,68,TCP,10.0.0.1,10.0.0.2,,,,normal
6.271737,47852,TCP,10.0.0.2,10.0.0.1,,,,normal
6.271738,65228,TCP,10.0.0.2,10.0.0.1,,,,normal
6.271739,17172,TCP,10.0.0.2,10.0.0.1,,,,normal
6.271924,68,TCP,10.0.0.1,10.0.0.2,,,,normal
6.271933,48124,TCP,10.0.0.2,10.0.0.1,,,,normal
6.271934,65228,TCP,10.0.0.2,10.0.0.1,,,,normal
6.271935,15996,TCP,10.0.0.2,10.0.0.1,,,,normal
6.271986,68,TCP,10.0.0.1,10.0.0.2,,,,normal
6.271993,49300,TCP,10.0.0.2,10.0.0.1,,,,normal
6.271993,65228,TCP,10.0.0.2,10.0.0.1,,,,normal
6.271994,16748,TCP,10.0.0.2,10.0.0.1,,,,normal
6.272184,68,TCP,10.0.0.1,10.0.0.2,,,,normal
6.272192,48548,TCP,10.0.0.2,10.0.0.1,,,,normal
6.272192,65228,TCP,10.0.0.2,10.0.0.1,,,,normal
6.272193,15996,TCP,10.0.0.2,10.0.0.1,,,,normal
6.272210,68,TCP,10.0.0.1,10.0.0.2,,,,normal
6.272216,49300,TCP,10.0.0.2,10.0.0.1,,,,normal
6.272217,65228,TCP,10.0.0.2,10.0.0.1,,,,normal
6.272217,16748,TCP,10.0.0.2,10.0.0.1,,,,normal
6.272456,68,TCP,10.0.0.1,10.0.0.2,,,,normal
6.272467,48548,TCP,10.0.0.2,10.0.0.1,,,,normal
6.272467,65228,TCP,10.0.0.2,10.0.0.1,,,,normal
6.272468,15996,TCP,10.0.0.2,10.0.0.1,,,,normal
6.272488,68,TCP,10.0.0.1,10.0.0.2,,,,normal
6.272508,49300,TCP,10.0.0.2,10.0.0.1,,,,normal
6.272509,65228,TCP,10.0.0.2,10.0.0.1,,,,normal
6.272509,16748,TCP,10.0.0.2,10.0.0.1,,,,normal
6.272736,68,TCP,10.0.0.1,10.0.0.2,,,,normal
6.272747,48548,TCP,10.0.0.2,10.0.0.1,,,,normal
6.272747,65228,TCP,10.0.0.2,10.0.0.1,,,,normal
6.272748,49300,TCP,10.0.0.2,10.0.0.1,,,,normal
6.272799,68,TCP,10.0.0.1,10.0.0.2,,,,normal
6.272807,15996,TCP,10.0.0.2,10.0.0.1,,,,normal
6.272807,65228,TCP,10.0.0.2,10.0.0.1,,,,normal
6.272808,65228,TCP,10.0.0.2,10.0.0.1,,,,normal
6.272997,68,TCP,10.0.0.1,10.0.0.2,,,,normal
6.273005,65228,TCP,10.0.0.2,10.0.0.1,,,,normal
6.273006,65228,TCP,10.0.0.2,10.0.0.1,,,,normal
6.273007,9012,TCP,10.0.0.2,10.0.0.1,,,,normal
6.273188,68,TCP,10.0.0.1,10.0.0.2,,,,normal
6.273197,56284,TCP,10.0.0.2,10.0.0.1,,,,normal
6.273198,65228,TCP,10.0.0.2,10.0.0.1,,,,normal
6.273199,11652,TCP,10.0.0.2,10.0.0.1,,,,normal
6.273253,68,TCP,10.0.0.1,10.0.0.2,,,,normal
6.273260,53644,TCP,10.0.0.2,10.0.0.1,,,,normal
6.273261,65228,TCP,10.0.0.2,10.0.0.1,,,,normal
6.273261,14452,TCP,10.0.0.2,10.0.0.1,,,,normal
6.273485,68,TCP,10.0.0.1,10.0.0.2,,,,normal
6.273496,50844,TCP,10.0.0.2,10.0.0.1,,,,normal
6.273496,65228,TCP,10.0.0.2,10.0.0.1,,,,normal
6.273497,14548,TCP,10.0.0.2,10.0.0.1,,,,normal
6.273514,68,TCP,10.0.0.1,10.0.0.2,,,,normal
6.273521,50748,TCP,10.0.0.2,10.0.0.1,,,,normal
6.273522,65228,TCP,10.0.0.2,10.0.0.1,,,,normal
6.273522,15812,TCP,10.0.0.2,10.0.0.1,,,,normal
6.273705,68,TCP,10.0.0.1,10.0.0.2,,,,normal
6.273713,49484,TCP,10.0.0.2,10.0.0.1,,,,normal
6.273714,65228,TCP,10.0.0.2,10.0.0.1,,,,normal
6.273715,15996,TCP,10.0.0.2,10.0.0.1,,,,normal
6.273731,68,TCP,10.0.0.1,10.0.0.2,,,,normal
6.273737,49300,TCP,10.0.0.2,10.0.0.1,,,,normal
6.273738,65228,TCP,10.0.0.2,10.0.0.1,,,,normal
6.273738,16748,TCP,10.0.0.2,10.0.0.1,,,,normal
6.273865,68,TCP,10.0.0.1,10.0.0.2,,,,normal
6.273873,48548,TCP,10.0.0.2,10.0.0.1,,,,normal
6.273874,65228,TCP,10.0.0.2,10.0.0.1,,,,normal
6.273874,15996,TCP,10.0.0.2,10.0.0.1,,,,normal
6.273919,68,TCP,10.0.0.1,10.0.0.2,,,,normal
6.273926,49300,TCP,10.0.0.2,10.0.0.1,,,,normal
6.273926,65228,TCP,10.0.0.2,10.0.0.1,,,,normal
6.273927,16748,TCP,10.0.0.2,10.0.0.1,,,,normal
6.274054,68,TCP,10.0.0.1,10.0.0.2,,,,normal
6.274061,48548,TCP,10.0.0.2,10.0.0.1,,,,normal
6.274061,65228,TCP,10.0.0.2,10.0.0.1,,,,normal
6.274062,15996,TCP,10.0.0.2,10.0.0.1,,,,normal
6.274078,68,TCP,10.0.0.1,10.0.0.2,,,,normal
6.274084,49300,TCP,10.0.0.2,10.0.0.1,,,,normal
6.274085,65228,TCP,10.0.0.2,10.0.0.1,,,,normal
6.274085,16748,TCP,10.0.0.2,10.0.0.1,,,,normal
6.274235,68,TCP,10.0.0.1,10.0.0.2,,,,normal
6.274242,48548,TCP,10.0.0.2,10.0.0.1,,,,normal
6.274243,65228,TCP,10.0.0.2,10.0.0.1,,,,normal
6.274243,15996,TCP,10.0.0.2,10.0.0.1,,,,normal
6.274265,68,TCP,10.0.0.1,10.0.0.2,,,,normal
6.274274,49300,TCP,10.0.0.2,10.0.0.1,,,,normal
6.274274,65228,TCP,10.0.0.2,10.0.0.1,,,,normal
6.274275,16748,TCP,10.0.0.2,10.0.0.1,,,,normal
6.274424,68,TCP,10.0.0.1,10.0.0.2,,,,normal
6.274435,48548,TCP,10.0.0.2,10.0.0.1,,,,normal
6.274435,65228,TCP,10.0.0.2,10.0.0.1,,,,normal
6.274436,15996,TCP,10.0.0.2,10.0.0.1,,,,normal
6.274484,68,TCP,10.0.0.1,10.0.0.2,,,,normal
6.274490,49300,TCP,10.0.0.2,10.0.0.1,,,,normal
6.274491,65228,TCP,10.0.0.2,10.0.0.1,,,,normal
6.274491,16748,TCP,10.0.0.2,10.0.0.1,,,,normal
6.274621,68,TCP,10.0.0.1,10.0.0.2,,,,normal
6.274629,48548,TCP,10.0.0.2,10.0.0.1,,,,normal
6.274629,65228,TCP,10.0.0.2,10.0.0.1,,,,normal
6.274630,15996,TCP,10.0.0.2,10.0.0.1,,,,normal
6.274646,68,TCP,10.0.0.1,10.0.0.2,,,,normal
6.274652,49300,TCP,10.0.0.2,10.0.0.1,,,,normal
6.274652,65228,TCP,10.0.0.2,10.0.0.1,,,,normal
6.274653,16748,TCP,10.0.0.2,10.0.0.1,,,,normal
6.274804,68,TCP,10.0.0.1,10.0.0.2,,,,normal
6.274811,48548,TCP,10.0.0.2,10.0.0.1,,,,normal
6.274812,65228,TCP,10.0.0.2,10.0.0.1,,,,normal
6.274812,15996,TCP,10.0.0.2,10.0.0.1,,,,normal
6.274828,68,TCP,10.0.0.1,10.0.0.2,,,,normal
6.274833,49300,TCP,10.0.0.2,10.0.0.1,,,,normal
6.274834,65228,TCP,10.0.0.2,10.0.0.1,,,,normal
6.274834,16748,TCP,10.0.0.2,10.0.0.1,,,,normal
6.274956,68,TCP,10.0.0.1,10.0.0.2,,,,normal
6.274965,48548,TCP,10.0.0.2,10.0.0.1,,,,normal
6.274965,65228,TCP,10.0.0.2,10.0.0.1,,,,normal
6.274966,15996,TCP,10.0.0.2,10.0.0.1,,,,normal
6.275009,68,TCP,10.0.0.1,10.0.0.2,,,,normal
6.275015,49300,TCP,10.0.0.2,10.0.0.1,,,,normal
6.275016,65228,TCP,10.0.0.2,10.0.0.1,,,,normal
6.275017,16748,TCP,10.0.0.2,10.0.0.1,,,,normal
6.275163,68,TCP,10.0.0.1,10.0.0.2,,,,normal
6.275171,48548,TCP,10.0.0.2,10.0.0.1,,,,normal
6.275171,65228,TCP,10.0.0.2,10.0.0.1,,,,normal
6.275172,15996,TCP,10.0.0.2,10.0.0.1,,,,normal
6.275187,68,TCP,10.0.0.1,10.0.0.2,,,,normal
6.275193,49300,TCP,10.0.0.2,10.0.0.1,,,,normal
6.275193,65228,TCP,10.0.0.2,10.0.0.1,,,,normal
6.275194,16748,TCP,10.0.0.2,10.0.0.1,,,,normal
6.275345,68,TCP,10.0.0.1,10.0.0.2,,,,normal
6.275353,48548,TCP,10.0.0.2,10.0.0.1,,,,normal
6.275353,65228,TCP,10.0.0.2,10.0.0.1,,,,normal
6.275354,15996,TCP,10.0.0.2,10.0.0.1,,,,normal
6.275388,68,TCP,10.0.0.1,10.0.0.2,,,,normal
6.275396,49300,TCP,10.0.0.2,10.0.0.1,,,,normal
6.275397,65228,TCP,10.0.0.2,10.0.0.1,,,,normal
6.275397,16748,TCP,10.0.0.2,10.0.0.1,,,,normal
6.275528,68,TCP,10.0.0.1,10.0.0.2,,,,normal
6.275537,48548,TCP,10.0.0.2,10.0.0.1,,,,normal
6.275537,65228,TCP,10.0.0.2,10.0.0.1,,,,normal
6.275538,15996,TCP,10.0.0.2,10.0.0.1,,,,normal
6.275591,68,TCP,10.0.0.1,10.0.0.2,,,,normal
6.275596,49300,TCP,10.0.0.2,10.0.0.1,,,,normal
6.275597,65228,TCP,10.0.0.2,10.0.0.1,,,,normal
6.275597,16748,TCP,10.0.0.2,10.0.0.1,,,,normal
6.275708,68,TCP,10.0.0.1,10.0.0.2,,,,normal
6.275715,48548,TCP,10.0.0.2,10.0.0.1,,,,normal
6.275715,65228,TCP,10.0.0.2,10.0.0.1,,,,normal
6.275716,15996,TCP,10.0.0.2,10.0.0.1,,,,normal
6.275730,68,TCP,10.0.0.1,10.0.0.2,,,,normal
6.275736,49300,TCP,10.0.0.2,10.0.0.1,,,,normal
6.275736,65228,TCP,10.0.0.2,10.0.0.1,,,,normal
6.275737,16748,TCP,10.0.0.2,10.0.0.1,,,,normal
6.275869,68,TCP,10.0.0.1,10.0.0.2,,,,normal
6.275875,48548,TCP,10.0.0.2,10.0.0.1,,,,normal
6.275876,65228,TCP,10.0.0.2,10.0.0.1,,,,normal
6.275876,15996,TCP,10.0.0.2,10.0.0.1,,,,normal
6.275891,68,TCP,10.0.0.1,10.0.0.2,,,,normal
6.275895,49300,TCP,10.0.0.2,10.0.0.1,,,,normal
6.275896,65228,TCP,10.0.0.2,10.0.0.1,,,,normal
6.275896,16748,TCP,10.0.0.2,10.0.0.1,,,,normal
6.275911,68,TCP,10.0.0.1,10.0.0.2,,,,normal
6.275916,48548,TCP,10.0.0.2,10.0.0.1,,,,normal
6.275916,65228,TCP,10.0.0.2,10.0.0.1,,,,normal
6.275917,15996,TCP,10.0.0.2,10.0.0.1,,,,normal
6.276081,68,TCP,10.0.0.1,10.0.0.2,,,,normal
6.276088,49300,TCP,10.0.0.2,10.0.0.1,,,,normal
6.276088,65228,TCP,10.0.0.2,10.0.0.1,,,,normal
6.276089,16748,TCP,10.0.0.2,10.0.0.1,,,,normal
6.276104,68,TCP,10.0.0.1,10.0.0.2,,,,normal
6.276108,48548,TCP,10.0.0.2,10.0.0.1,,,,normal
6.276109,65228,TCP,10.0.0.2,10.0.0.1,,,,normal
6.276109,15996,TCP,10.0.0.2,10.0.0.1,,,,normal
6.276123,68,TCP,10.0.0.1,10.0.0.2,,,,normal
6.276129,49300,TCP,10.0.0.2,10.0.0.1,,,,normal
6.276129,65228,TCP,10.0.0.2,10.0.0.1,,,,normal
6.276130,16748,TCP,10.0.0.2,10.0.0.1,,,,normal
6.276374,68,TCP,10.0.0.1,10.0.0.2,,,,normal
6.276382,48548,TCP,10.0.0.2,10.0.0.1,,,,normal
6.276383,65228,TCP,10.0.0.2,10.0.0.1,,,,normal
6.276383,15996,TCP,10.0.0.2,10.0.0.1,,,,normal
6.276397,68,TCP,10.0.0.1,10.0.0.2,,,,normal
6.276402,49300,TCP,10.0.0.2,10.0.0.1,,,,normal
6.276402,65228,TCP,10.0.0.2,10.0.0.1,,,,normal
6.276403,16748,TCP,10.0.0.2,10.0.0.1,,,,normal
6.276417,68,TCP,10.0.0.1,10.0.0.2,,,,normal
6.276423,48548,TCP,10.0.0.2,10.0.0.1,,,,normal
6.276423,65228,TCP,10.0.0.2,10.0.0.1,,,,normal
6.276424,15996,TCP,10.0.0.2,10.0.0.1,,,,normal
6.276563,68,TCP,10.0.0.1,10.0.0.2,,,,normal
6.276569,49300,TCP,10.0.0.2,10.0.0.1,,,,normal
6.276570,65228,TCP,10.0.0.2,10.0.0.1,,,,normal
6.276570,16748,TCP,10.0.0.2,10.0.0.1,,,,normal
6.276587,68,TCP,10.0.0.1,10.0.0.2,,,,normal
6.276592,48548,TCP,10.0.0.2,10.0.0.1,,,,normal
6.276593,65228,TCP,10.0.0.2,10.0.0.1,,,,normal
6.276593,15996,TCP,10.0.0.2,10.0.0.1,,,,normal
6.276606,68,TCP,10.0.0.1,10.0.0.2,,,,normal
6.276612,49300,TCP,10.0.0.2,10.0.0.1,,,,normal
6.276613,65228,TCP,10.0.0.2,10.0.0.1,,,,normal
6.276613,16748,TCP,10.0.0.2,10.0.0.1,,,,normal
6.276951,68,TCP,10.0.0.1,10.0.0.2,,,,normal
6.276959,48548,TCP,10.0.0.2,10.0.0.1,,,,normal
6.276959,65228,TCP,10.0.0.2,10.0.0.1,,,,normal
6.276960,15996,TCP,10.0.0.2,10.0.0.1,,,,normal
6.276974,68,TCP,10.0.0.1,10.0.0.2,,,,normal
6.276978,49300,TCP,10.0.0.2,10.0.0.1,,,,normal
6.276979,65228,TCP,10.0.0.2,10.0.0.1,,,,normal
6.276979,16748,TCP,10.0.0.2,10.0.0.1,,,,normal
6.276994,68,TCP,10.0.0.1,10.0.0.2,,,,normal
6.277000,48548,TCP,10.0.0.2,10.0.0.1,,,,normal
6.277000,65228,TCP,10.0.0.2,10.0.0.1,,,,normal
6.277000,15996,TCP,10.0.0.2,10.0.0.1,,,,normal
6.277225,68,TCP,10.0.0.1,10.0.0.2,,,,normal
6.277232,49300,TCP,10.0.0.2,10.0.0.1,,,,normal
6.277233,65228,TCP,10.0.0.2,10.0.0.1,,,,normal
6.277233,16748,TCP,10.0.0.2,10.0.0.1,,,,normal
6.277253,68,TCP,10.0.0.1,10.0.0.2,,,,normal
6.277258,48548,TCP,10.0.0.2,10.0.0.1,,,,normal
6.277258,65228,TCP,10.0.0.2,10.0.0.1,,,,normal
6.277259,15996,TCP,10.0.0.2,10.0.0.1,,,,normal
6.277275,68,TCP,10.0.0.1,10.0.0.2,,,,normal
6.277301,49300,TCP,10.0.0.2,10.0.0.1,,,,normal
6.277302,65228,TCP,10.0.0.2,10.0.0.1,,,,normal
6.277302,16748,TCP,10.0.0.2,10.0.0.1,,,,normal
6.277714,68,TCP,10.0.0.1,10.0.0.2,,,,normal
6.277725,48548,TCP,10.0.0.2,10.0.0.1,,,,normal
6.277725,65228,TCP,10.0.0.2,10.0.0.1,,,,normal
6.277726,15996,TCP,10.0.0.2,10.0.0.1,,,,normal
6.277760,68,TCP,10.0.0.1,10.0.0.2,,,,normal
6.277768,49300,TCP,10.0.0.2,10.0.0.1,,,,normal
6.277768,65228,TCP,10.0.0.2,10.0.0.1,,,,normal
6.277769,16748,TCP,10.0.0.2,10.0.0.1,,,,normal
6.277815,68,TCP,10.0.0.1,10.0.0.2,,,,normal
6.277822,48548,TCP,10.0.0.2,10.0.0.1,,,,normal
6.277823,65228,TCP,10.0.0.2,10.0.0.1,,,,normal
6.277823,15996,TCP,10.0.0.2,10.0.0.1,,,,normal
6.278106,68,TCP,10.0.0.1,10.0.0.2,,,,normal
6.278114,49300,TCP,10.0.0.2,10.0.0.1,,,,normal
6.278114,65228,TCP,10.0.0.2,10.0.0.1,,,,normal
6.278115,16748,TCP,10.0.0.2,10.0.0.1,,,,normal
6.278135,68,TCP,10.0.0.1,10.0.0.2,,,,normal
6.278141,48548,TCP,10.0.0.2,10.0.0.1,,,,normal
6.278141,65228,TCP,10.0.0.2,10.0.0.1,,,,normal
6.278142,15996,TCP,10.0.0.2,10.0.0.1,,,,normal
6.278161,68,TCP,10.0.0.1,10.0.0.2,,,,normal
6.278167,49300,TCP,10.0.0.2,10.0.0.1,,,,normal
6.278168,65228,TCP,10.0.0.2,10.0.0.1,,,,normal
6.278168,16748,TCP,10.0.0.2,10.0.0.1,,,,normal
6.278573,68,TCP,10.0.0.1,10.0.0.2,,,,normal
6.278588,48548,TCP,10.0.0.2,10.0.0.1,,,,normal
6.278588,65228,TCP,10.0.0.2,10.0.0.1,,,,normal
6.278589,15996,TCP,10.0.0.2,10.0.0.1,,,,normal
6.278658,68,TCP,10.0.0.1,10.0.0.2,,,,normal
6.278666,49300,TCP,10.0.0.2,10.0.0.1,,,,normal
6.278666,65228,TCP,10.0.0.2,10.0.0.1,,,,normal
6.278667,16748,TCP,10.0.0.2,10.0.0.1,,,,normal
6.278729,68,TCP,10.0.0.1,10.0.0.2,,,,normal
6.278739,48548,TCP,10.0.0.2,10.0.0.1,,,,normal
6.278739,65228,TCP,10.0.0.2,10.0.0.1,,,,normal
6.278740,15996,TCP,10.0.0.2,10.0.0.1,,,,normal
6.278999,68,TCP,10.0.0.1,10.0.0.2,,,,normal
6.279006,49300,TCP,10.0.0.2,10.0.0.1,,,,normal
6.279007,65228,TCP,10.0.0.2,10.0.0.1,,,,normal
6.279007,16748,TCP,10.0.0.2,10.0.0.1,,,,normal
6.279036,68,TCP,10.0.0.1,10.0.0.2,,,,normal
6.279041,48548,TCP,10.0.0.2,10.0.0.1,,,,normal
6.279041,65228,TCP,10.0.0.2,10.0.0.1,,,,normal
6.279041,15996,TCP,10.0.0.2,10.0.0.1,,,,normal
6.279064,68,TCP,10.0.0.1,10.0.0.2,,,,normal
6.279070,49300,TCP,10.0.0.2,10.0.0.1,,,,normal
6.279070,65228,TCP,10.0.0.2,10.0.0.1,,,,normal
6.279071,16748,TCP,10.0.0.2,10.0.0.1,,,,normal
6.279123,68,TCP,10.0.0.1,10.0.0.2,,,,normal
6.279129,48548,TCP,10.0.0.2,10.0.0.1,,,,normal
6.279130,65228,TCP,10.0.0.2,10.0.0.1,,,,normal
6.279130,15996,TCP,10.0.0.2,10.0.0.1,,,,normal
6.279150,68,TCP,10.0.0.1,10.0.0.2,,,,normal
6.279155,49300,TCP,10.0.0.2,10.0.0.1,,,,normal
6.279156,65228,TCP,10.0.0.2,10.0.0.1,,,,normal
6.279156,16748,TCP,10.0.0.2,10.0.0.1,,,,normal
6.279208,68,TCP,10.0.0.1,10.0.0.2,,,,normal
6.279213,48548,TCP,10.0.0.2,10.0.0.1,,,,normal
6.279213,65228,TCP,10.0.0.2,10.0.0.1,,,,normal
6.279214,15996,TCP,10.0.0.2,10.0.0.1,,,,normal
6.281770,68,TCP,10.0.0.1,10.0.0.2,,,,normal
6.281782,49300,TCP,10.0.0.2,10.0.0.1,,,,normal
6.281782,65228,TCP,10.0.0.2,10.0.0.1,,,,normal
6.281783,56172,TCP,10.0.0.2,10.0.0.1,,,,normal
6.281802,68,TCP,10.0.0.1,10.0.0.2,,,,normal
6.281803,68,TCP,10.0.0.1,10.0.0.2,,,,normal
6.281804,68,TCP,10.0.0.1,10.0.0.2,,,,normal
6.281815,9124,TCP,10.0.0.2,10.0.0.1,,,,normal
6.281821,68,TCP,10.0.0.1,10.0.0.2,,,,normal
6.281816,65228,TCP,10.0.0.2,10.0.0.1,,,,normal
6.281828,68,TCP,10.0.0.1,10.0.0.2,,,,normal
6.281816,65228,TCP,10.0.0.2,10.0.0.1,,,,normal
6.281835,68,TCP,10.0.0.1,10.0.0.2,,,,normal
6.281817,7308,TCP,10.0.0.2,10.0.0.1,,,,normal
6.281838,68,TCP,10.0.0.1,10.0.0.2,,,,normal
6.281817,57988,TCP,10.0.0.2,10.0.0.1,,,,normal
6.281845,68,TCP,10.0.0.1,10.0.0.2,,,,normal
6.281817,33372,TCP,10.0.0.2,10.0.0.1,,,,normal
6.281850,68,TCP,10.0.0.1,10.0.0.2,,,,normal
6.281818,31924,TCP,10.0.0.2,10.0.0.1,,,,normal
6.281854,68,TCP,10.0.0.1,10.0.0.2,,,,normal
6.281818,27580,TCP,10.0.0.2,10.0.0.1,,,,normal
6.281857,68,TCP,10.0.0.1,10.0.0.2,,,,normal
6.281878,10204,TCP,10.0.0.2,10.0.0.1,,,,normal
6.281885,68,TCP,10.0.0.1,10.0.0.2,,,,normal
6.281878,27580,TCP,10.0.0.2,10.0.0.1,,,,normal
6.281889,68,TCP,10.0.0.1,10.0.0.2,,,,normal
6.281879,40612,TCP,10.0.0.2,10.0.0.1,,,,normal
6.281893,68,TCP,10.0.0.1,10.0.0.2,,,,normal
6.281879,24684,TCP,10.0.0.2,10.0.0.1,,,,normal
6.281897,68,TCP,10.0.0.1,10.0.0.2,,,,normal
6.281880,44956,TCP,10.0.0.2,10.0.0.1,,,,normal
6.281902,68,TCP,10.0.0.1,10.0.0.2,,,,normal
6.281880,7308,TCP,10.0.0.2,10.0.0.1,,,,normal
6.281904,68,TCP,10.0.0.1,10.0.0.2,,,,normal
6.281881,13100,TCP,10.0.0.2,10.0.0.1,,,,normal
6.281906,68,TCP,10.0.0.1,10.0.0.2,,,,normal
6.281881,47852,TCP,10.0.0.2,10.0.0.1,,,,normal
6.281911,68,TCP,10.0.0.1,10.0.0.2,,,,normal
6.281882,17444,TCP,10.0.0.2,10.0.0.1,,,,normal
6.281914,68,TCP,10.0.0.1,10.0.0.2,,,,normal
6.281882,17444,TCP,10.0.0.2,10.0.0.1,,,,normal
6.281917,68,TCP,10.0.0.1,10.0.0.2,,,,normal
6.281882,33372,TCP,10.0.0.2,10.0.0.1,,,,normal
6.281921,68,TCP,10.0.0.1,10.0.0.2,,,,normal
6.281883,14548,TCP,10.0.0.2,10.0.0.1,,,,normal
6.281923,68,TCP,10.0.0.1,10.0.0.2,,,,normal
6.281883,14548,TCP,10.0.0.2,10.0.0.1,,,,normal
6.281925,68,TCP,10.0.0.1,10.0.0.2,,,,normal
6.281948,65228,TCP,10.0.0.2,10.0.0.1,,,,normal
6.281954,68,TCP,10.0.0.1,10.0.0.2,,,,normal
6.281949,8380,TCP,10.0.0.2,10.0.0.1,,,,normal
6.281955,68,TCP,10.0.0.1,10.0.0.2,,,,normal
6.281968,65228,TCP,10.0.0.2,10.0.0.1,,,,normal
6.281973,68,TCP,10.0.0.1,10.0.0.2,,,,normal
6.281982,65228,TCP,10.0.0.2,10.0.0.1,,,,normal
6.281986,68,TCP,10.0.0.1,10.0.0.2,,,,normal
6.281990,820,TCP,10.0.0.2,10.0.0.1,,,,normal
6.281991,68,TCP,10.0.0.1,10.0.0.2,,,,normal
6.301850,68,TCP,10.0.0.2,10.0.0.1,,,,normal
6.312076,68,TCP,10.0.0.1,10.0.0.2,,,,normal
6.312090,68,TCP,10.0.0.2,10.0.0.1,,,,normal
